locus,calculated_blosum,calculated_blosum,calculated_blosum,calculated_blosum,calculated_similarity,calculated_similarity,calculated_similarity,calculated_similarity,perplexity,perplexity,perplexity,perplexity
,mean,median,min,max,mean,median,min,max,mean,median,min,max
IGH,37.4,31.0,23,73,31.622973274850317,31.4516129032258,30.7692307692308,33.0578512396694,36.65675773620606,36.9122581481934,29.9767284393311,45.1662101745605
IGK,348.1626888217523,361.0,-118,581,66.61262989808387,65.7407407407407,26.5486725663717,100.0,1.829503070778717,1.68824422359467,1.21241796016693,46.1852378845215
IGL,289.14628732102557,251.0,-132,587,57.33568273130529,51.8181818181818,25.0,100.0,1.8767097963909802,1.72274875640869,1.2296975851059,50.2256126403809
