locus,calculated_blosum,calculated_blosum,calculated_blosum,calculated_blosum,calculated_similarity,calculated_similarity,calculated_similarity,calculated_similarity,perplexity,perplexity,perplexity,perplexity
,mean,median,min,max,mean,median,min,max,mean,median,min,max
IGH,37.4,31.0,23,73,31.622973274850317,31.4516129032258,30.7692307692308,33.0578512396694,36.65675773620606,36.9122581481934,29.9767284393311,45.1662101745605
IGK,346.1323906137924,358.0,-118,581,66.3405493364566,65.4867256637168,26.5486725663717,100.0,1.889390157285958,1.74144816398621,1.23484826087952,46.1852378845215
IGL,289.2826724788331,250.0,-132,587,57.36146994975642,51.8181818181818,25.0,100.0,1.9306571228484795,1.76997798681259,1.2342312335968,50.2256126403809
