Region,Average Normalized Gaps
fwr1_aa,0.5156302139663347
cdr1_aa,0.6681778451534554
fwr2_aa,0.3942762375392161
cdr2_aa,0.6550565126784682
fwr3_aa,0.41440115449757253
cdr3_aa,0.7129686915445818
fwr4_aa_correct,0.4139039927974431
